LINK,AI/NOT AI,input_url_full,video_id,status,manual_ai_raw,manual_ai,description,author,create_time,create_dt,era,play_count,like_count,comment_count,share_count,is_aigc,signal_platform,signal_creator_tag,creator_signal_match,source_metadata_file,signal_manual,signals_platform_vs_manual,signals_creator_vs_manual,signals_platform_vs_creator,engagement_total,like_rate,comment_rate
https://www.tiktok.com/@leafchunch30days/video/7577580934644501815?is_from_webapp=1&sender_device=pc,NOT AI,https://www.tiktok.com/@leafchunch30days/video/7577580934644501815?is_from_webapp=1&sender_device=pc,7577580934644501815,ok,NOT AI,0,Another good find for today’s leaf || follow for tomorrows leaf crunch || #fyp #leafcrunch #day8 #viral ,leafchunch30days,1764293073,2025-11-28 01:24:33+00:00,post_ai,125100000.0,15300000.0,54800.0,1200000.0,False,False,False,,7577580934644501815.json,0,True,True,True,141654800.0,0.122302,0.000438
https://www.tiktok.com/@collinskey/video/7576783795861474574?is_from_webapp=1&sender_device=pc,NOT AI,https://www.tiktok.com/@collinskey/video/7576783795861474574?is_from_webapp=1&sender_device=pc,7576783795861474574,ok,NOT AI,0,,collinskey,1764107472,2025-11-25 21:51:12+00:00,post_ai,95900000.0,15200000.0,52600.0,3200000.0,False,False,False,,7576783795861474574.json,0,True,True,True,114352600.0,0.158498,0.000548
https://www.tiktok.com/@kamilashh23/video/7577571983873936653?is_from_webapp=1&sender_device=pc,NOT AI,https://www.tiktok.com/@kamilashh23/video/7577571983873936653?is_from_webapp=1&sender_device=pc,7577571983873936653,ok,NOT AI,0,i didn’t know dcc were allowed to wear ponytails. life changed #dcc #dallascowboyscheerleaders #cowboys #dallascowboys #dfw ,kamilashh23,1764290985,2025-11-28 00:49:45+00:00,post_ai,41400000.0,1300000.0,3609.0,3542.0,False,False,False,,7577571983873936653.json,0,True,True,True,42707151.0,0.031401,8.7e-05
https://www.tiktok.com/@averi.q/video/7564025843173952781?is_from_webapp=1&sender_device=pc,NOT AI,https://www.tiktok.com/@averi.q/video/7564025843173952781?is_from_webapp=1&sender_device=pc,7564025843173952781,ok,NOT AI,0,#grwm #grwmmakeup #huzz #majestic #blowthisup ,averi.quintanilla,1761137021,2025-10-22 12:43:41+00:00,post_ai,358800.0,23500.0,75.0,80.0,False,False,False,,7564025843173952781.json,0,True,True,True,382455.0,0.065496,0.000209
https://www.tiktok.com/@pivpn360/video/7565815686526782742?is_from_webapp=1&sender_device=pc,NOT AI,https://www.tiktok.com/@pivpn360/video/7565815686526782742?is_from_webapp=1&sender_device=pc,7565815686526782742,ok,NOT AI,0,,pivpn360,1761553746,2025-10-27 08:29:06+00:00,post_ai,3700000.0,58800.0,1094.0,2228.0,False,False,False,,7565815686526782742.json,0,True,True,True,3762122.0,0.015892,0.000296
https://www.tiktok.com/@onlyheretoswindle/video/7545313760978816286?is_from_webapp=1&sender_device=pc,NOT AI,https://www.tiktok.com/@onlyheretoswindle/video/7545313760978816286?is_from_webapp=1&sender_device=pc,7545313760978816286,ok,NOT AI,0,Apple Pay Prank Gon Wrong**CHECK PINNED FOR NEWEST ** #viral #fyp #police #applepay #prank ,onlyheretoswindle,1756780278,2025-09-02 02:31:18+00:00,post_ai,27600000.0,3900000.0,20100.0,289900.0,False,False,False,,7545313760978816286.json,0,True,True,True,31810000.0,0.141304,0.000728
https://www.tiktok.com/@meglskalla/video/7565314539319774495?is_from_webapp=1&sender_device=pc,NOT AI,https://www.tiktok.com/@meglskalla/video/7565314539319774495?is_from_webapp=1&sender_device=pc,7565314539319774495,ok,NOT AI,0,The way he was so self conscious 🥺🥺🥺🥺🥺 #yellowteethfilter #prank #husbandandwife #traderjoes #prankingmyhusband ,meglskalla,1761437068,2025-10-26 00:04:28+00:00,post_ai,4900000.0,200000.0,332.0,3350.0,False,False,False,,7565314539319774495.json,0,True,True,True,5103682.0,0.040816,6.8e-05
https://www.tiktok.com/@pabloandkaili/video/7571558054399888671?is_from_webapp=1&sender_device=pc,NOT AI,https://www.tiktok.com/@pabloandkaili/video/7571558054399888671?is_from_webapp=1&sender_device=pc,7571558054399888671,ok,NOT AI,0,hello pablo (my bad meant to put stimulated)   #baddie #frenchbulldog ,kkailimei,1762890759,2025-11-11 19:52:39+00:00,post_ai,9700000.0,1700000.0,6366.0,448400.0,False,False,False,,7571558054399888671.json,0,True,True,True,11854766.0,0.175258,0.000656
https://www.tiktok.com/@maxim.yavneh/video/7567131219440209166?is_from_webapp=1&sender_device=pc,NOT AI,https://www.tiktok.com/@maxim.yavneh/video/7567131219440209166?is_from_webapp=1&sender_device=pc,7567131219440209166,ok,NOT AI,0,#eggflip,maxim.yavneh,1761860044,2025-10-30 21:34:04+00:00,post_ai,5600000.0,279900.0,1734.0,27600.0,False,False,False,,7567131219440209166.json,0,True,True,True,5909234.0,0.049982,0.00031
https://www.tiktok.com/@6sendyyyy3/video/7554495725967527198?is_from_webapp=1&sender_device=pc,NOT AI,https://www.tiktok.com/@6sendyyyy3/video/7554495725967527198?is_from_webapp=1&sender_device=pc,7554495725967527198,ok,NOT AI,0,six sendy? #67 ,6sendyyyy3,1758918118,2025-09-26 20:21:58+00:00,post_ai,1400000.0,55800.0,102.0,655.0,False,False,False,,7554495725967527198.json,0,True,True,True,1456557.0,0.039857,7.3e-05
https://www.tiktok.com/@brainrot.stories888/video/7563639285123943702?is_from_webapp=1&sender_device=pc,AI ,https://www.tiktok.com/@brainrot.stories888/video/7563639285123943702?is_from_webapp=1&sender_device=pc,7563639285123943702,ok,AI ,1,,,,,pre_ai,,,,,,False,False,,,1,False,False,True,,,
https://www.tiktok.com/@catchemistry1/video/7553307096750755094?is_from_webapp=1&sender_device=pc,AI ,https://www.tiktok.com/@catchemistry1/video/7553307096750755094?is_from_webapp=1&sender_device=pc,7553307096750755094,ok,AI ,1,carelessness during making lunch terms into a lifetime sarrow#aicat #cat #aivideos #ai ,catchemistry1,1758641357,2025-09-23 15:29:17+00:00,post_ai,20900000.0,333800.0,4506.0,40500.0,False,False,True,hashtag,7553307096750755094.json,1,False,True,False,21278806.0,0.015971,0.000216
https://www.tiktok.com/t/ZTrPvS7EN/,AI ,https://www.tiktok.com/t/ZTrPvS7EN/,,no_video_id_in_url,AI ,1,,,,,pre_ai,,,,,,False,False,,,1,False,False,True,,,
https://www.tiktok.com/t/ZTrPvh69B/,AI ,https://www.tiktok.com/t/ZTrPvh69B/,,no_video_id_in_url,AI ,1,,,,,pre_ai,,,,,,False,False,,,1,False,False,True,,,
https://www.tiktok.com/t/ZTrPvHuoB/,AI ,https://www.tiktok.com/t/ZTrPvHuoB/,,no_video_id_in_url,AI ,1,,,,,pre_ai,,,,,,False,False,,,1,False,False,True,,,
https://www.tiktok.com/t/ZTrPvD7YY/,AI ,https://www.tiktok.com/t/ZTrPvD7YY/,,no_video_id_in_url,AI ,1,,,,,pre_ai,,,,,,False,False,,,1,False,False,True,,,
https://www.tiktok.com/@sora2openai/video/7569075411301256456?is_from_webapp=1&sender_device=pc&web_id=7553389778541987358,AI ,https://www.tiktok.com/@sora2openai/video/7569075411301256456?is_from_webapp=1&sender_device=pc&web_id=7553389778541987358,7569075411301256456,ok,AI ,1,@Sora ･ mentions You #sora #sora2ai #sora2 #sora2openai #soraopenai,sora2openai,1762312705,2025-11-05 03:18:25+00:00,post_ai,7661.0,71.0,5.0,3.0,False,False,False,,7569075411301256456.json,1,False,False,True,7740.0,0.009268,0.000653
https://www.tiktok.com/@sora2openai/video/7437530491336674567?is_from_webapp=1&sender_device=pc&web_id=7553389778541987358,AI ,https://www.tiktok.com/@sora2openai/video/7437530491336674567?is_from_webapp=1&sender_device=pc&web_id=7553389778541987358,7437530491336674567,ok,AI ,1,Shark or AI    #aquaman #poseidon ,sora2openai,1731685017,2024-11-15 15:36:57+00:00,post_ai,1100000.0,9968.0,256.0,758.0,False,False,False,,7437530491336674567.json,1,False,False,True,1110982.0,0.009062,0.000233
https://www.tiktok.com/@longliveai/video/7575690775833414934?is_from_webapp=1&sender_device=pc&web_id=7553389778541987358,AI ,https://www.tiktok.com/@longliveai/video/7575690775833414934?is_from_webapp=1&sender_device=pc&web_id=7553389778541987358,7575690775833414934,ok,AI ,1,"AI has officially turned man’s best friend into a professional dancer. Thanks to OpenAI’s Sora 2, the internet is packed with hyper-realistic clips of a dog nailing a full choreography — hitting every beat, spinning on cue, and matching the music with moves that would put half of TikTok to shame. What started as a cute idea has become a viral showcase of how far AI video generation has come. Sora 2 can now recreate lifelike animal motion, perfectly timed rhythm, and cinematic performance shots — all from a single text prompt. The result looks so real you might actually believe this dog trained with a choreographer. It’s adorable, impressive, and insanely entertaining all at once. Would you duet this dance or just hit replay? 👀💬 Join the fastest-growing AI community on TikTok @longliveai #ai #sora #dog #dance #viral #meme #aivideo #aiart #sora2 #openai #animals #choreo",longliveai,1763852963,2025-11-22 23:09:23+00:00,post_ai,3100000.0,102600.0,5893.0,63200.0,False,False,True,hashtag,7575690775833414934.json,1,False,True,False,3271693.0,0.033097,0.001901
https://www.tiktok.com/@etkstudios/video/7572274143912135950,AI ,https://www.tiktok.com/@etkstudios/video/7572274143912135950,7572274143912135950,ok,AI ,1,santa caught lackin #santa #christmas #dashcam #dashcamfootage ,etkstudios,1763057477,2025-11-13 18:11:17+00:00,post_ai,946.0,19.0,0.0,9.0,False,False,False,,7572274143912135950.json,1,False,False,True,974.0,0.020085,0.0
https://www.tiktok.com/@razbebalovka/video/7565941537897598228?is_from_webapp=1&sender_device=pc&web_id=7553389778541987358,AI ,https://www.tiktok.com/@razbebalovka/video/7565941537897598228?is_from_webapp=1&sender_device=pc&web_id=7553389778541987358,7565941537897598228,ok,AI ,1,#sora #ии,lyna_t1k,1761583043,2025-10-27 16:37:23+00:00,post_ai,5600000.0,592400.0,3292.0,315300.0,False,False,False,,7565941537897598228.json,1,False,False,True,6510992.0,0.105786,0.000588
https://www.tiktok.com/@oscarthomas53/video/7575165404624981279?is_from_webapp=1&sender_device=pc&web_id=7553389778541987358,AI ,https://www.tiktok.com/@oscarthomas53/video/7575165404624981279?is_from_webapp=1&sender_device=pc&web_id=7553389778541987358,7575165404624981279,ok,AI ,1,It’s Friday #fyp #viral🖤tiktok #ttshortclips #sora #funnyvideos ,oscarthomas53,1763730670,2025-11-21 13:11:10+00:00,post_ai,440400.0,29100.0,394.0,38900.0,False,False,False,,7575165404624981279.json,1,False,False,True,508794.0,0.066076,0.000895
https://www.tiktok.com/@blackballedgang/video/7577171547681574174?is_from_webapp=1&sender_device=pc&web_id=7553389778541987358,AI ,https://www.tiktok.com/@blackballedgang/video/7577171547681574174?is_from_webapp=1&sender_device=pc&web_id=7553389778541987358,7577171547681574174,ok,AI ,1,#sora #ai #movietrailer #darkhumor #funny,blackballedgang,1764197749,2025-11-26 22:55:49+00:00,post_ai,2300000.0,63500.0,3399.0,69000.0,False,False,True,hashtag,7577171547681574174.json,1,False,True,False,2435899.0,0.027609,0.001478
https://www.tiktok.com/@leafchunch30days/video/7577580934644501815,NOT AI,https://www.tiktok.com/@leafchunch30days/video/7577580934644501815,7577580934644501815,ok,NOT AI,0,Another good find for today’s leaf || follow for tomorrows leaf crunch || #fyp #leafcrunch #day8 #viral ,leafchunch30days,1764293073,2025-11-28 01:24:33+00:00,post_ai,125100000.0,15300000.0,54800.0,1200000.0,False,False,False,,7577580934644501815.json,0,True,True,True,141654800.0,0.122302,0.000438
https://www.tiktok.com/@goonerpranks/video/7552987925881867533?is_from_webapp=1&sender_device=pc,NOT AI,https://www.tiktok.com/@goonerpranks/video/7552987925881867533?is_from_webapp=1&sender_device=pc,7552987925881867533,ok,NOT AI,0,Justified crashout? 😭🙏 #funny #prank #joke #meta #metaprank ,goonerpranks,1758567091,2025-09-22 18:51:31+00:00,post_ai,392200.0,31900.0,517.0,4261.0,False,False,False,,7552987925881867533.json,0,True,True,True,428878.0,0.081336,0.001318
https://www.tiktok.com/@rankingbangers/video/7547446311511985438?is_from_webapp=1&sender_device=pc,NOT AI,https://www.tiktok.com/@rankingbangers/video/7547446311511985438?is_from_webapp=1&sender_device=pc,7547446311511985438,ok,NOT AI,0,🎧 No Autotune vs Autotune - Who Sounds Better to You? 🔥👀 #usamusic #MusicRanking #rawvocals #newyork #usa🇺🇸,rankingbangers,1757276802,2025-09-07 20:26:42+00:00,post_ai,1100000.0,78400.0,241.0,1167.0,False,False,False,,7547446311511985438.json,0,True,True,True,1179808.0,0.071273,0.000219
https://www.tiktok.com/@haydn.mcmillen/video/7560845912164126007?is_from_webapp=1&sender_device=pc,NOT AI,https://www.tiktok.com/@haydn.mcmillen/video/7560845912164126007?is_from_webapp=1&sender_device=pc,7560845912164126007,ok,NOT AI,0,the life of a badass😼#kinghaydn👑 #countryboys #countryboysdoitbest #realcountry #countrylife ,haydn.mcmillen,1760396655,2025-10-13 23:04:15+00:00,post_ai,14000000.0,1500000.0,8565.0,530300.0,False,False,False,,7560845912164126007.json,0,True,True,True,16038865.0,0.107143,0.000612
https://www.tiktok.com/@obelisklifts/video/7558432038643059998?is_from_webapp=1&sender_device=pc,NOT AI,https://www.tiktok.com/@obelisklifts/video/7558432038643059998?is_from_webapp=1&sender_device=pc,7558432038643059998,ok,NOT AI,0,Breathe divinity jumpscare #gym #gymmotivation #sleeperbuild @Breathedivinity ,colelovescarbs,1759834610,2025-10-07 10:56:50+00:00,post_ai,417300.0,34800.0,292.0,1487.0,False,False,False,,7558432038643059998.json,0,True,True,True,453879.0,0.083393,0.0007
https://www.tiktok.com/@ilikehaskell/video/7555381433544756493?is_from_webapp=1&sender_device=pc,NOT AI,https://www.tiktok.com/@ilikehaskell/video/7555381433544756493?is_from_webapp=1&sender_device=pc,7555381433544756493,ok,NOT AI,0,@$co1in @geo @Trap Queen Owen ,ilikehaskell,1759124339,2025-09-29 05:38:59+00:00,post_ai,497300.0,60100.0,533.0,16400.0,False,False,False,,7555381433544756493.json,0,True,True,True,574333.0,0.120853,0.001072
https://www.tiktok.com/@singjing44/video/7579605600590515469?is_from_webapp=1&sender_device=pc,NOT AI,https://www.tiktok.com/@singjing44/video/7579605600590515469?is_from_webapp=1&sender_device=pc,7579605600590515469,ok,NOT AI,0,Kondisi terkini musholas PONPES Al Khoziny Sidoarjo ambruk saat salat ashar#jtvjember #evakuasi #sidoarjo #fyp,singjing44,1764764471,2025-12-03 12:21:11+00:00,post_ai,7100000.0,297100.0,2748.0,3707.0,False,False,False,,7579605600590515469.json,0,True,True,True,7403555.0,0.041845,0.000387
https://www.tiktok.com/@s_johnson_voiceovers/video/7557456501074382094?is_from_webapp=1&sender_device=pc,NOT AI,https://www.tiktok.com/@s_johnson_voiceovers/video/7557456501074382094?is_from_webapp=1&sender_device=pc,7557456501074382094,ok,NOT AI,0,"@Kyle Istook Bruh… I just turned leftover Nutella into ICE CREAM 😳🍦💥 No machine, no stress, and it actually SLAPS. Who tryna pull up and try this hack with me? ",s_johnson_voiceovers,1759607497,2025-10-04 19:51:37+00:00,post_ai,596800.0,63100.0,555.0,3363.0,False,False,False,,7557456501074382094.json,0,True,True,True,663818.0,0.105731,0.00093
https://www.tiktok.com/@imessi10_/video/7565903058022976790?is_from_webapp=1&sender_device=pc,NOT AI,https://www.tiktok.com/@imessi10_/video/7565903058022976790?is_from_webapp=1&sender_device=pc,7565903058022976790,ok,NOT AI,0,Ranking Funniest Skate Moments😂🩷 #ranking #skate #goviral #fyp #foryou ,peakpicks_tt,1761574083,2025-10-27 14:08:03+00:00,post_ai,1500000.0,129900.0,325.0,17000.0,False,False,False,,7565903058022976790.json,0,True,True,True,1647225.0,0.0866,0.000217
https://www.tiktok.com/@mccurrenmartirano/video/7579593787995884831?is_from_webapp=1&sender_device=pc,NOT AI,https://www.tiktok.com/@mccurrenmartirano/video/7579593787995884831?is_from_webapp=1&sender_device=pc,7579593787995884831,ok,NOT AI,0,#fyppppppppppppppppppppppp ,thestoryjoker,1764761717,2025-12-03 11:35:17+00:00,post_ai,604000.0,24800.0,108.0,334.0,False,False,False,,7579593787995884831.json,0,True,True,True,629242.0,0.04106,0.000179
https://www.tiktok.com/@failedaivideos1/video/7579506448359542029?is_from_webapp=1&sender_device=pc&web_id=7546993837538117133,AI,https://www.tiktok.com/@failedaivideos1/video/7579506448359542029?is_from_webapp=1&sender_device=pc&web_id=7546993837538117133,7579506448359542029,ok,AI,1,Biggest fail of AI yet to come 🤣🤣🤣#ai #soraai #fypシ #fyp ,failedaivideos1,1764741378,2025-12-03 05:56:18+00:00,post_ai,1608.0,17.0,1.0,0.0,False,False,True,hashtag,7579506448359542029.json,1,False,True,False,1626.0,0.010572,0.000622
https://www.tiktok.com/@iseenthatai/video/7565653523661212983?is_from_webapp=1&sender_device=pc&web_id=7546993837538117133,AI,https://www.tiktok.com/@iseenthatai/video/7565653523661212983?is_from_webapp=1&sender_device=pc&web_id=7546993837538117133,7565653523661212983,ok,AI,1,All roads lead to Rome… 🐇⏱️ #aivideos #sora #ringdoorbell #whiterabbit #meme ,iseenthatai,1761516020,2025-10-26 22:00:20+00:00,post_ai,27000000.0,4200000.0,33500.0,887400.0,False,False,False,,7565653523661212983.json,1,False,False,True,32120900.0,0.155556,0.001241
https://www.tiktok.com/@sora_creatives/video/7576917043950259487?is_from_webapp=1&sender_device=pc&web_id=7546993837538117133,AI,https://www.tiktok.com/@sora_creatives/video/7576917043950259487?is_from_webapp=1&sender_device=pc&web_id=7546993837538117133,7576917043950259487,ok,AI,1,,,,,pre_ai,,,,,,False,False,,,1,False,False,True,,,
https://www.tiktok.com/@popz.clipz/video/7575310430965386518?is_from_webapp=1&sender_device=pc&web_id=7546993837538117133,AI,https://www.tiktok.com/@popz.clipz/video/7575310430965386518?is_from_webapp=1&sender_device=pc&web_id=7546993837538117133,7575310430965386518,ok,AI,1,"More funny AI videos, these are the best yet!#funny #ai #sora #top5 #animal",popz.clipz,1763764408,2025-11-21 22:33:28+00:00,post_ai,321600.0,7808.0,266.0,4026.0,False,False,True,hashtag,7575310430965386518.json,1,False,True,False,333700.0,0.024279,0.000827
https://www.tiktok.com/@orange.cat.philos/video/7574104174766460215?is_from_webapp=1&sender_device=pc&web_id=7546993837538117133,AI,https://www.tiktok.com/@orange.cat.philos/video/7574104174766460215?is_from_webapp=1&sender_device=pc&web_id=7546993837538117133,7574104174766460215,ok,AI,1,Orange Cat Builds the Tiger a Motorcycle.#funny #ai #animals #animation #orangecat ,orange.cat.philos,1763483620,2025-11-18 16:33:40+00:00,post_ai,80300000.0,2500000.0,32000.0,188200.0,False,False,True,hashtag,7574104174766460215.json,1,False,True,False,83020200.0,0.031133,0.000399
https://www.tiktok.com/@aiiimages/video/7483985425929981202?is_from_webapp=1&sender_device=pc&web_id=7546993837538117133,AI,https://www.tiktok.com/@aiiimages/video/7483985425929981202?is_from_webapp=1&sender_device=pc&web_id=7546993837538117133,7483985425929981202,ok,AI,1,#a-i #ai #funny #funnytiktok ,aiiimages,1742501152,2025-03-20 20:05:52+00:00,post_ai,466900.0,13000.0,247.0,13000.0,False,False,True,hashtag,7483985425929981202.json,1,False,True,False,493147.0,0.027843,0.000529
https://www.tiktok.com/@the.johnsonbrothers/video/7576429340146011423?is_from_webapp=1&sender_device=pc&web_id=7546993837538117133,AI,https://www.tiktok.com/@the.johnsonbrothers/video/7576429340146011423?is_from_webapp=1&sender_device=pc&web_id=7546993837538117133,7576429340146011423,ok,AI,1,It’s advancing so fast😭 #theboys #viral #fyp #ai #bladerunner2049 ,the.johnsonbrothers,1764024935,2025-11-24 22:55:35+00:00,post_ai,5100000.0,629900.0,2091.0,92800.0,False,False,True,hashtag,7576429340146011423.json,1,False,True,False,5824791.0,0.12351,0.00041
https://www.tiktok.com/@phillipfrench0/video/7575685256129301790?is_from_webapp=1&sender_device=pc&web_id=7546993837538117133,AI,https://www.tiktok.com/@phillipfrench0/video/7575685256129301790?is_from_webapp=1&sender_device=pc&web_id=7546993837538117133,7575685256129301790,ok,AI,1,#sora #Ai #chihuahua #fypシ #fyp ,phillipfrench0,1763851691,2025-11-22 22:48:11+00:00,post_ai,1400000.0,230100.0,1382.0,130700.0,False,False,True,hashtag,7575685256129301790.json,1,False,True,False,1762182.0,0.164357,0.000987
https://www.tiktok.com/@julesakacielo/video/7565699404930370846?is_from_webapp=1&sender_device=pc&web_id=7546993837538117133,AI,https://www.tiktok.com/@julesakacielo/video/7565699404930370846?is_from_webapp=1&sender_device=pc&web_id=7546993837538117133,7565699404930370846,ok,AI,1,What have I done… #sora #murderdrone #fypシ #xybca #viral ,julesakacielo,1761526682,2025-10-27 00:58:02+00:00,post_ai,409700.0,37400.0,985.0,8737.0,False,False,False,,7565699404930370846.json,1,False,False,True,456822.0,0.091286,0.002404
https://www.tiktok.com/@adaptivve/video/7558850460627619127?is_from_webapp=1&sender_device=pc&web_id=7546993837538117133,AI,https://www.tiktok.com/@adaptivve/video/7558850460627619127?is_from_webapp=1&sender_device=pc&web_id=7546993837538117133,7558850460627619127,ok,AI,1,,,,,pre_ai,,,,,,False,False,,,1,False,False,True,,,
https://www.tiktok.com/@adoredbyler/video/7556443587047689486?is_from_webapp=1&sender_device=pc,NOT AI,https://www.tiktok.com/@adoredbyler/video/7556443587047689486?is_from_webapp=1&sender_device=pc,7556443587047689486,ok,NOT AI,0,"#BYLER || freaking love this song, hope this edit makes sense cause i love it || #willbyers #mikewheeler #strangerthings #xybca ||",adoredbyler,1759371653,2025-10-02 02:20:53+00:00,post_ai,674900.0,177800.0,876.0,14500.0,False,False,False,,7556443587047689486.json,0,True,True,True,868076.0,0.263446,0.001298
https://www.tiktok.com/@lenkalul/video/7568512712422984962?is_from_webapp=1&sender_device=pc,NOT AI,https://www.tiktok.com/@lenkalul/video/7568512712422984962?is_from_webapp=1&sender_device=pc,7568512712422984962,ok,NOT AI,0,scissors eyeshadow hack ✂️ makes doing eyeshadow so quick!  products: @makeupbymario ethereal eyes palette: nature  @Maybelline NY sky high mascara in brown  inspo:  @Ayah Mizan 💘 #makeup #eyeshadow #makeuphacks #beauty #beginnermakeup ,lenkalul,1762181691,2025-11-03 14:54:51+00:00,post_ai,10000000.0,239600.0,966.0,62400.0,False,False,False,,7568512712422984962.json,0,True,True,True,10302966.0,0.02396,9.7e-05
https://www.tiktok.com/@elaelathao/video/7569845040734883086?is_from_webapp=1&sender_device=pc,NOT AI,https://www.tiktok.com/@elaelathao/video/7569845040734883086?is_from_webapp=1&sender_device=pc,7569845040734883086,ok,NOT AI,0,Golden Brown #cello #orchestrakid #fyp #cellocover ,elaelathao,1762491933,2025-11-07 05:05:33+00:00,post_ai,494000.0,93500.0,883.0,2724.0,False,False,False,,7569845040734883086.json,0,True,True,True,591107.0,0.189271,0.001787
https://www.tiktok.com/@asmrvault7/video/7576970659809512726?is_from_webapp=1&sender_device=pc,NOT AI,https://www.tiktok.com/@asmrvault7/video/7576970659809512726?is_from_webapp=1&sender_device=pc,7576970659809512726,ok,NOT AI,0,💄✨🎀 ASMR Makeup Drawer Organization — Perfectly Satisfying Glam Reset & Aesthetic Sounds 🔊💋🌸 #ASMRRestock #VanityOrganization #BeautyASMR #AestheticSounds #relaxingasmr ,asmrvault7,1764150962,2025-11-26 09:56:02+00:00,post_ai,4300000.0,324700.0,651.0,19900.0,False,False,False,,7576970659809512726.json,0,True,True,True,4645251.0,0.075512,0.000151
https://www.tiktok.com/@conangray/video/7579661748697894158?is_from_webapp=1&sender_device=pc,NOT AI,https://www.tiktok.com/@conangray/video/7579661748697894158?is_from_webapp=1&sender_device=pc,7579661748697894158,ok,NOT AI,0,happy 3rd of december :),conangray,1764777537,2025-12-03 15:58:57+00:00,post_ai,9000000.0,1700000.0,7916.0,89000.0,False,False,False,,7579661748697894158.json,0,True,True,True,10796916.0,0.188889,0.00088
https://www.tiktok.com/@mariona.roma/video/7558532769039584534?is_from_webapp=1&sender_device=pc,NOT AI,https://www.tiktok.com/@mariona.roma/video/7558532769039584534?is_from_webapp=1&sender_device=pc,7558532769039584534,ok,NOT AI,0,I’m not that kind of person…,mariona.roma,1759858053,2025-10-07 17:27:33+00:00,post_ai,99600000.0,19200000.0,29200.0,2300000.0,False,False,False,,7558532769039584534.json,0,True,True,True,121129200.0,0.192771,0.000293
https://www.tiktok.com/@jjcoloring3/video/7566724881421782303?is_from_webapp=1&sender_device=pc,NOT AI,https://www.tiktok.com/@jjcoloring3/video/7566724881421782303?is_from_webapp=1&sender_device=pc,7566724881421782303,ok,NOT AI,0,,jjcoloring3,1761765449,2025-10-29 19:17:29+00:00,post_ai,45500000.0,1300000.0,1581.0,48000.0,False,False,False,,7566724881421782303.json,0,True,True,True,46849581.0,0.028571,3.5e-05
https://www.tiktok.com/@Hamnet/video/7580017006175390993?is_from_webapp=1&sender_device=pc,NOT AI,https://www.tiktok.com/@Hamnet/video/7580017006175390993?is_from_webapp=1&sender_device=pc,7580017006175390993,ok,NOT AI,0,,,,,pre_ai,,,,,,False,False,,,0,True,True,True,,,
https://www.tiktok.com/@hidayabll/video/7578534740194626838?is_from_webapp=1&sender_device=pc,NOT AI,https://www.tiktok.com/@hidayabll/video/7578534740194626838?is_from_webapp=1&sender_device=pc,7578534740194626838,ok,NOT AI,0,Partie 69 | Sunday Reset 🎀🫧🌸🤍 #cleaning #sundayreset #roomtour ,hidayabll,1764515127,2025-11-30 15:05:27+00:00,post_ai,3500000.0,238100.0,1040.0,4695.0,False,False,False,,7578534740194626838.json,0,True,True,True,3743835.0,0.068029,0.000297
https://www.tiktok.com/@thefairywhobakes/video/7557660558309297439?is_from_webapp=1&sender_device=pc,NOT AI,https://www.tiktok.com/@thefairywhobakes/video/7557660558309297439?is_from_webapp=1&sender_device=pc,7557660558309297439,ok,NOT AI,0,Super moist chocolate cake in a pan! An easy recipe that will satisfy your cravings!🍫🍰 #viralvideos #chocolatecake #easyrecipe ,thefairywhobakes,1759655053,2025-10-05 09:04:13+00:00,post_ai,4400000.0,137100.0,379.0,19900.0,False,False,False,,7557660558309297439.json,0,True,True,True,4557379.0,0.031159,8.6e-05
https://www.tiktok.com/@marlonhafid._/video/7579400087252503820?is_from_webapp=1&sender_device=pc,NOT AI,https://www.tiktok.com/@marlonhafid._/video/7579400087252503820?is_from_webapp=1&sender_device=pc,7579400087252503820,ok,NOT AI,0,Heather - Conan Gray #lyrics #heather #conangray #songs #fypシ ,marlonhafid._,1764716634,2025-12-02 23:03:54+00:00,post_ai,4500000.0,824600.0,1698.0,48600.0,False,False,False,,7579400087252503820.json,0,True,True,True,5374898.0,0.183244,0.000377
https://www.tiktok.com/@mycavgracie/video/7557474426871106838?is_from_webapp=1&sender_device=pc,NOT AI,https://www.tiktok.com/@mycavgracie/video/7557474426871106838?is_from_webapp=1&sender_device=pc,7557474426871106838,ok,NOT AI,0,Worth EVERY penny 😭🥰 #cavalierkingcharles #puppy #dogtok #lady #fyp ,mycavgracie,1759611638,2025-10-04 21:00:38+00:00,post_ai,356800.0,42100.0,175.0,7553.0,False,False,False,,7557474426871106838.json,0,True,True,True,406628.0,0.117993,0.00049
https://www.tiktok.com/@meow.cat186/video/7569662537210400023?is_from_webapp=1&sender_device=pc,AI,https://www.tiktok.com/@meow.cat186/video/7569662537210400023?is_from_webapp=1&sender_device=pc,7569662537210400023,ok,AI,1,Carelessness turns happiness into lifetime sorrow #ai #aicat #catvideos #animation #funny ,meow.cat186,1762449404,2025-11-06 17:16:44+00:00,post_ai,37600000.0,616400.0,4110.0,42200.0,False,False,True,hashtag,7569662537210400023.json,1,False,True,False,38262710.0,0.016394,0.000109
https://www.tiktok.com/@nhuong.giang6/video/7574768939310271799?is_from_webapp=1&sender_device=pc,AI,https://www.tiktok.com/@nhuong.giang6/video/7574768939310271799?is_from_webapp=1&sender_device=pc,7574768939310271799,ok,AI,1,,,,,pre_ai,,,,,,False,False,,,1,False,False,True,,,
https://www.tiktok.com/@viral_clips_tik/video/7559157056788335895?is_from_webapp=1&sender_device=pc,AI,https://www.tiktok.com/@viral_clips_tik/video/7559157056788335895?is_from_webapp=1&sender_device=pc,7559157056788335895,ok,AI,1,When you thought the night was quiet. (ring) #CaughtOnCam #bear #camera #foryou #fyp ,viral_clips_tik,1760003408,2025-10-09 09:50:08+00:00,post_ai,3300000.0,40200.0,577.0,40700.0,False,False,False,,7559157056788335895.json,1,False,False,True,3381477.0,0.012182,0.000175
https://www.tiktok.com/@user51360142036247/video/7567067141611031839?is_from_webapp=1&sender_device=pc,AI,https://www.tiktok.com/@user51360142036247/video/7567067141611031839?is_from_webapp=1&sender_device=pc,7567067141611031839,ok,AI,1,#aicat #funny ,user51360142036247,1761845126,2025-10-30 17:25:26+00:00,post_ai,6300000.0,123300.0,1034.0,27000.0,False,False,False,,7567067141611031839.json,1,False,False,True,6451334.0,0.019571,0.000164
https://www.tiktok.com/@catmeow3694/video/7557726389655342366?is_from_webapp=1&sender_device=pc,AI,https://www.tiktok.com/@catmeow3694/video/7557726389655342366?is_from_webapp=1&sender_device=pc,7557726389655342366,ok,AI,1,#cat #meow #story #orangecat #aicat #kitten #fyp #usa ,catmeow3694,1759670326,2025-10-05 13:18:46+00:00,post_ai,170900000.0,1900000.0,24900.0,175300.0,False,False,False,,7557726389655342366.json,1,False,False,True,173000200.0,0.011118,0.000146
https://www.tiktok.com/@derbosskracher/video/7577826991823637782?is_from_webapp=1&sender_device=pc,AI,https://www.tiktok.com/@derbosskracher/video/7577826991823637782?is_from_webapp=1&sender_device=pc,7577826991823637782,ok,AI,1,,,,,pre_ai,,,,,,False,False,,,1,False,False,True,,,
https://www.tiktok.com/@chubbycat_1/video/7571144959718460727?is_from_webapp=1&sender_device=pc,AI,https://www.tiktok.com/@chubbycat_1/video/7571144959718460727?is_from_webapp=1&sender_device=pc,7571144959718460727,ok,AI,1,When Memories Hurt More Than Scars 🌧️💔. #kitten #catsoftiktok #catstory #cats #meow ,chubbycat_1,1762794613,2025-11-10 17:10:13+00:00,post_ai,189500000.0,7000000.0,106300.0,433800.0,False,False,False,,7571144959718460727.json,1,False,False,True,197040100.0,0.036939,0.000561
https://www.tiktok.com/@catmeow3694/video/7559933668886646047?is_from_webapp=1&sender_device=pc,AI,https://www.tiktok.com/@catmeow3694/video/7559933668886646047?is_from_webapp=1&sender_device=pc,7559933668886646047,ok,AI,1,#cat #meow #story #kitten #orangecat #aicat #fyp #usa ,catmeow3694,1760184237,2025-10-11 12:03:57+00:00,post_ai,128400000.0,1900000.0,24700.0,125500.0,False,False,False,,7559933668886646047.json,1,False,False,True,130450200.0,0.014798,0.000192
https://www.tiktok.com/@brainrot.stories888/video/7563324785250536726?is_from_webapp=1&sender_device=pc,AI,https://www.tiktok.com/@brainrot.stories888/video/7563324785250536726?is_from_webapp=1&sender_device=pc,7563324785250536726,ok,AI,1,,,,,pre_ai,,,,,,False,False,,,1,False,False,True,,,
https://www.tiktok.com/@zasai26/video/7557645668525952287?is_from_webapp=1&sender_device=pc,AI,https://www.tiktok.com/@zasai26/video/7557645668525952287?is_from_webapp=1&sender_device=pc,7557645668525952287,ok,AI,1,#cat #orangecat #aicat #fyp #kitten #meow #funny #usa ,zasai26,1759651564,2025-10-05 08:06:04+00:00,post_ai,65700000.0,689700.0,8300.0,57600.0,False,False,False,,7557645668525952287.json,1,False,False,True,66455600.0,0.010498,0.000126
https://www.tiktok.com/@aaron_robins/video/7561085106509614358?is_from_webapp=1&sender_device=pc,AI,https://www.tiktok.com/@aaron_robins/video/7561085106509614358?is_from_webapp=1&sender_device=pc,7561085106509614358,ok,AI,1,What is this!?.. 😱 #scary #mermaid #fishing #fishermen #boat,aaron_robins,1760452316,2025-10-14 14:31:56+00:00,post_ai,89400000.0,1300000.0,22800.0,329600.0,False,False,False,,7561085106509614358.json,1,False,False,True,91052400.0,0.014541,0.000255
https://www.tiktok.com/t/ZTr5DRGXL/,NOT AI,https://www.tiktok.com/t/ZTr5DRGXL/,,no_video_id_in_url,NOT AI,0,,,,,pre_ai,,,,,,False,False,,,0,True,True,True,,,
https://www.tiktok.com/t/ZTr5DCc2X/,NOT AI,https://www.tiktok.com/t/ZTr5DCc2X/,,no_video_id_in_url,NOT AI,0,,,,,pre_ai,,,,,,False,False,,,0,True,True,True,,,
https://www.tiktok.com/t/ZTr5DCX19/,NOT AI,https://www.tiktok.com/t/ZTr5DCX19/,,no_video_id_in_url,NOT AI,0,,,,,pre_ai,,,,,,False,False,,,0,True,True,True,,,
https://www.tiktok.com/t/ZTr5DPgPk/,NOT AI,https://www.tiktok.com/t/ZTr5DPgPk/,,no_video_id_in_url,NOT AI,0,,,,,pre_ai,,,,,,False,False,,,0,True,True,True,,,
https://www.tiktok.com/t/ZTr5DQhJE/,NOT AI,https://www.tiktok.com/t/ZTr5DQhJE/,,no_video_id_in_url,NOT AI,0,,,,,pre_ai,,,,,,False,False,,,0,True,True,True,,,
https://www.tiktok.com/@lbsbs13/video/7576455117285641503?_r=1&_t=ZT-91wfqhaGddV,NOT AI,https://www.tiktok.com/@lbsbs13/video/7576455117285641503?_r=1&_t=ZT-91wfqhaGddV,7576455117285641503,ok,NOT AI,0,,lbsbs13,1764030939,2025-11-25 00:35:39+00:00,post_ai,6700000.0,1300000.0,3589.0,335900.0,False,False,False,,7576455117285641503.json,0,True,True,True,8339489.0,0.19403,0.000536
https://www.tiktok.com/@dezeen/video/7567416648878083350?_r=1&_t=ZT-91wfyLEr4w3,NOT AI,https://www.tiktok.com/@dezeen/video/7567416648878083350?_r=1&_t=ZT-91wfyLEr4w3,7567416648878083350,ok,NOT AI,0,"This week’s designer showcase features the Tangent Lamp by Relvãokellermann (@relvaokellermann). A magnetic sphere touches an oxidised steel block to complete a circuit, turning a simple gesture into light. See more design on Dezeen.com #dezeen #architecture #design #lamp #steel",dezeen,1761926539,2025-10-31 16:02:19+00:00,post_ai,665500.0,79200.0,300.0,12100.0,False,False,False,,7567416648878083350.json,0,True,True,True,757100.0,0.119008,0.000451
https://www.tiktok.com/@katie.gibson02/video/7567923456134679822?_r=1&_t=ZT-91wg66oR1vp,NOT AI,https://www.tiktok.com/@katie.gibson02/video/7567923456134679822?_r=1&_t=ZT-91wg66oR1vp,7567923456134679822,ok,NOT AI,0,#sing2 #gunter ,katie.gibson02,1762044515,2025-11-02 00:48:35+00:00,post_ai,1900000.0,461300.0,2228.0,86000.0,False,False,False,,7567923456134679822.json,0,True,True,True,2449528.0,0.242789,0.001173
https://www.tiktok.com/t/ZTr5UUsE4/,NOT AI,https://www.tiktok.com/t/ZTr5UUsE4/,,no_video_id_in_url,NOT AI,0,,,,,pre_ai,,,,,,False,False,,,0,True,True,True,,,
https://www.tiktok.com/t/ZTr5UjswU/,NOT AI,https://www.tiktok.com/t/ZTr5UjswU/,,no_video_id_in_url,NOT AI,0,,,,,pre_ai,,,,,,False,False,,,0,True,True,True,,,
https://www.tiktok.com/@snappaws/video/7573118083594833174?_r=1&_t=ZT-91wfgN12Zcj,AI,https://www.tiktok.com/@snappaws/video/7573118083594833174?_r=1&_t=ZT-91wfgN12Zcj,7573118083594833174,ok,AI,1,"Kitty, the ketchup… you forgot the ketchup.🍟",snappaws,1763253968,2025-11-16 00:46:08+00:00,post_ai,3100000.0,364100.0,2345.0,240300.0,False,False,False,,7573118083594833174.json,1,False,False,True,3706745.0,0.117452,0.000756
https://www.tiktok.com/t/ZTr5Dw63L/,AI,https://www.tiktok.com/t/ZTr5Dw63L/,,no_video_id_in_url,AI,1,,,,,pre_ai,,,,,,False,False,,,1,False,False,True,,,
https://www.tiktok.com/t/ZTr5UmmPP/,AI,https://www.tiktok.com/t/ZTr5UmmPP/,,no_video_id_in_url,AI,1,,,,,pre_ai,,,,,,False,False,,,1,False,False,True,,,
https://www.tiktok.com/t/ZTr5U9qjD/,AI,https://www.tiktok.com/t/ZTr5U9qjD/,,no_video_id_in_url,AI,1,,,,,pre_ai,,,,,,False,False,,,1,False,False,True,,,
https://www.tiktok.com/t/ZTr5UxKjr/,AI,https://www.tiktok.com/t/ZTr5UxKjr/,,no_video_id_in_url,AI,1,,,,,pre_ai,,,,,,False,False,,,1,False,False,True,,,
https://www.tiktok.com/t/ZTr5Ua74A/,AI,https://www.tiktok.com/t/ZTr5Ua74A/,,no_video_id_in_url,AI,1,,,,,pre_ai,,,,,,False,False,,,1,False,False,True,,,
https://www.tiktok.com/t/ZTr5UBmF3/,AI,https://www.tiktok.com/t/ZTr5UBmF3/,,no_video_id_in_url,AI,1,,,,,pre_ai,,,,,,False,False,,,1,False,False,True,,,
https://www.tiktok.com/t/ZTr5U2Kpw/,AI,https://www.tiktok.com/t/ZTr5U2Kpw/,,no_video_id_in_url,AI,1,,,,,pre_ai,,,,,,False,False,,,1,False,False,True,,,
https://www.tiktok.com/t/ZTr5Uvosk/,AI,https://www.tiktok.com/t/ZTr5Uvosk/,,no_video_id_in_url,AI,1,,,,,pre_ai,,,,,,False,False,,,1,False,False,True,,,
https://www.tiktok.com/t/ZTr5UKk1G/,AI,https://www.tiktok.com/t/ZTr5UKk1G/,,no_video_id_in_url,AI,1,,,,,pre_ai,,,,,,False,False,,,1,False,False,True,,,
